{"cameraMode":{"drawMode":0,"name":"Shaded","section":"Shading Mode"},"sceneLighting":true,"audioPlay":false,"sceneViewState":{"m_AlwaysRefresh":false,"showFog":true,"showSkybox":true,"showFlares":true,"showImageEffects":true,"showParticleSystems":true,"showVisualEffectGraphs":true,"m_FxEnabled":true},"in2DMode":false,"pivot":{"x":9.707911491394043,"y":2.5336086750030519,"z":-3.5390799045562746},"rotation":{"x":0.11845915764570236,"y":-0.3494516909122467,"z":0.044584061950445178,"w":0.9283795952796936},"size":1.618401288986206,"orthographic":false}