{"cameraMode":{"drawMode":0,"name":"Shaded","section":"Shading Mode"},"sceneLighting":false,"audioPlay":false,"sceneViewState":{"m_AlwaysRefresh":false,"showFog":true,"showSkybox":false,"showFlares":true,"showImageEffects":true,"showParticleSystems":true,"showVisualEffectGraphs":true,"m_FxEnabled":true},"in2DMode":false,"pivot":{"x":0.0007300376892089844,"y":1.6587817668914796,"z":-0.000041484832763671875},"rotation":{"x":0.03810127452015877,"y":0.9602513313293457,"z":-0.16464561223983766,"w":0.22220510244369508},"size":8.564047813415528,"orthographic":false}